<?xml version="1.0" encoding="UTF-8" ?>
<phpdocumentor
        xmlns:xsi="http://www.w3.org/2001/XMLSchema-instance"
        configVersion="3"
        xmlns="https://www.phpdoc.org"
        xsi:noNamespaceSchemaLocation="https://raw.githubusercontent.com/phpDocumentor/phpDocumentor/master/data/xsd/phpdoc.xsd">
    <paths>
        <output>docs/phpDocumentor</output>
        <cache>cache/phpDocumentor</cache>
    </paths>
    <version number="3.0.0">
        <api>
            <source dsn=".">
                <path>src</path>
                <path>tests</path>
            </source>
        </api>
    </version>
</phpdocumentor>